Date,Time,FaceID,Name,RollNo,Department,Year,Status
2026-09-23,09:59:57,1,Priya,230,CSE,IV,Present
2026-09-23,10:34:11,2,vijay,231,CSE,IV,Present
2026-09-24,20:48:07,1,Priya,230,CSE,IV,Present
2026-09-24,20:48:57,2,vijay,231,CSE,IV,Present
2026-09-25,06:15:02,1,Priya,230,CSE,IV,Present
2026-09-25,06:15:44,2,vijay,231,CSE,IV,Present
2026-09-26,10:13:09,1,Priya,230,CSE,IV,Present
2026-09-27,10:15:12,1,Priya,230,CSE,IV,Present
2026-10-02,19:03:29,1,Priya,230,CSE,IV,Present
2026-10-02,19:04:26,2,vijay,231,CSE,IV,Present
2026-10-04,09:42:03,2,vijay,231,CSE,IV,Present
